[
    {
        "username": "admin",
        "password": "$2y$10$LA1LxE.3jyJLzgA2AwGt7OAeMxgEZTnyR4XRWaha82ataeav7f4bG",
        "roles": [
            "admin",
            "developer"
        ],
        "name": "Administrator",
        "quota": 20971520,
        "lastLogin": "2025-08-27T13:31:53+00:00"
    },
    {
        "username": "guest",
        "password": "$2y$10$yNlF5/ZiPqdo9lhLszoYruP3gjS5k3DY7C6FXav2Orx2Oz/xzm6F6",
        "roles": [
            "user"
        ],
        "name": "Guest User",
        "quota": 10485760,
        "lastLogin": "2025-07-11T07:28:18-06:00"
    },
    {
        "username": "domalec",
        "password": "$2y$10$UZtgYm/jKnBbEesnW/nK0.LwNuTdevcgRHE2ekY9dB13I7jwNC8Ni",
        "roles": [
            "developer"
        ],
        "name": "Dominic Alexander Cooper",
        "quota": 15728640,
        "lastLogin": "2025-07-12T16:13:09-06:00"
    }
]