{
  "settings": {
    "id": "global",
    "tileSize": 100
  },
  "history": [
    {
      "ts": 1757444250421,
      "type": "calc-id",
      "input": "Heaven",
      "id": "2075293312070505436270824",
      "payload": {
        "type": "calc-id",
        "input": "Heaven",
        "id": "2075293312070505436270824"
      }
    },
    {
      "ts": 1757444252257,
      "type": "grids-from-ids",
      "ids": [
        "2075293312070505436270824"
      ],
      "payload": {
        "type": "grids-from-ids",
        "ids": [
          "2075293312070505436270824"
        ]
      }
    },
    {
      "ts": 1757444274216,
      "type": "grids-from-ids",
      "ids": [
        "2075293312070505436270824"
      ],
      "payload": {
        "type": "grids-from-ids",
        "ids": [
          "2075293312070505436270824"
        ]
      }
    },
    {
      "ts": 1757444331755,
      "type": "optimal",
      "userNumber": "7",
      "file": "optimal_variables.txt",
      "payload": {
        "type": "optimal",
        "userNumber": "7",
        "file": "optimal_variables.txt"
      }
    },
    {
      "ts": 1757444374280,
      "type": "grids-from-ids",
      "ids": [
        "2075293312070505436270824"
      ],
      "payload": {
        "type": "grids-from-ids",
        "ids": [
          "2075293312070505436270824"
        ]
      }
    }
  ],
  "savedGrids": [],
  "ts": 1757444386696,
  "app": "charset-grid-viewer",
  "version": "1.0.0"
}